{"dynamic/SEX/landmark_48/separation":0.00343346454736678,"dynamic/SEX/landmark_24/separation":0.014470019370310332,"fairness_plot/RACE":{"sha256":"374306fd5ed69e9366b82b59823455f2e9c9cb5becc56396fccbcf7015ab12f8","size":43609,"path":"media/images/fairness_plot/RACE_63_374306fd5ed69e9366b8.png","format":"png","width":1184,"height":733,"_type":"image-file"},"m_dynamic/AUC_Mean":0.7258931999704121,"dynamic/SEX/landmark_30/separation":0.0400319442372879,"dynamic/SEX/landmark_9/separation":0.03239679117902862,"dynamic/SEX/landmark_33/separation":0.026713261122838998,"dynamic/SEX/landmark_6/separation":0.011488953943813843,"_runtime":132,"m_dynamic/AUC_SD":0.002636556008169423,"m_static/Brier_SD":0.005381436528156383,"dynamic/SEX/landmark_21/separation":0.040111826027344685,"m_dynamic/Brier_Mean":0.12918714403524384,"fairness_plot/AGE":{"_type":"image-file","sha256":"ea7713f467f59bb0cc71d1bb9dde516c12bd158d553070b04a4a6f970f7b9264","size":38465,"path":"media/images/fairness_plot/AGE_64_ea7713f467f59bb0cc71.png","format":"png","width":1184,"height":740},"dynamic/SEX/landmark_36/separation":0.016427362115341345,"dynamic/SEX/landmark_12/separation":0.049524634117403626,"dynamic/SEX/landmark_27/separation":0.003944414200401498,"dynamic/SEX/landmark_15/separation":0.05936632264594941,"m_dynamic/F1_Mean":0.17534096867024695,"m_static/F1_Mean":0.2763341298074722,"_timestamp":1.7802576979911706e+09,"m_static/Brier_Mean":0.13171767225754893,"dynamic/SEX/landmark_3/separation":0.029152703888478335,"auc_fairness/separation/M_DYNAMIC":0.026512789267516997,"m_dynamic/Brier_SD":0.0061394716656536195,"fairness_plot/SEX":{"_type":"image-file","sha256":"1cd3220d5a4ba69761f53fbfcfa11f8b154adaca5d455c25e8e073681e772cbb","size":41416,"path":"media/images/fairness_plot/SEX_62_1cd3220d5a4ba69761f5.png","format":"png","width":1184,"height":735},"auc_fairness/separation/M_STATIC":0.015432517526211567,"fairness_separation_plot":{"width":1500,"height":750,"_type":"image-file","sha256":"70750878b10b952be930c6bf20943125cc6b3b3faf9e73c23ebea32684717f74","size":132526,"path":"media/images/fairness_separation_plot_65_70750878b10b952be930.png","format":"png"},"dynamic/SEX/landmark_18/separation":0.06364781093752916,"dynamic/SEX/landmark_42/separation":0.00403411103995374,"dynamic/SEX/landmark_39/separation":0.005334171788735983,"m_static/AUC_Mean":0.7297286032945189,"m_dynamic/F1_SD":0.0032219299688076653,"dynamic/SEX/landmark_45/separation":0.004696940500998633,"m_static/F1_SD":0.005435266208775113,"m_static/SEX/aggregate/separation":0.015432517526211567,"_step":65,"_wandb":{"runtime":132},"m_dynamic/SEX/aggregate/separation":0.022515541886681985,"m_static/AUC_SD":0.004862574580192572,"dynamic/SEX/landmark_0/separation":0.042293257800020065}