{"dynamic/landmark_2/separation":0.0016859169727588517,"_runtime":44,"dynamic/landmark_7/separation":0.06360098927702496,"auc_fairness/separation/M_DYNAMIC":0.023597291502013066,"dynamic/landmark_5/separation":0.020356774372425862,"dynamic/landmark_8/separation":0.0329886035229498,"m_dynamic/Brier_Mean":0.17536764568820207,"m_dynamic/Brier_SD":0.0034122288449819926,"m_static/Brier_Mean":0.14940736521845616,"dynamic/landmark_11/separation":0.00014757969303423848,"m_dynamic/AUC_SD":0.01314232943332689,"_step":15,"m_dynamic/aggregate/separation":0.03696267003566403,"_wandb":{"runtime":44},"_timestamp":1.7802451748216777e+09,"m_static/F1_Mean":0.20432523988721427,"m_static/F1_SD":0.02920882931807819,"m_static/AUC_Mean":0.6377942887218186,"m_dynamic/F1_SD":0.010103603198700524,"dynamic/landmark_1/separation":0.035510778976864624,"m_static/aggregate/separation":0.05001455172317307,"dynamic/landmark_9/separation":0.005832594042993855,"dynamic/landmark_10/separation":0.00585122196349129,"m_dynamic/F1_Mean":0.17098393422001235,"auc_fairness/separation/M_STATIC":0.05001455172317307,"dynamic/landmark_4/separation":0.01104517813705952,"m_dynamic/AUC_Mean":0.6687091604822727,"dynamic/landmark_3/separation":0.012442873581969827,"dynamic/landmark_6/separation":0.06433958383810459,"m_static/AUC_SD":0.011741294995431138,"m_static/Brier_SD":0.0062302842164946234}