{"fairness_separation_plot":{"_type":"image-file","sha256":"70750878b10b952be930c6bf20943125cc6b3b3faf9e73c23ebea32684717f74","size":132526,"path":"media/images/fairness_separation_plot_69_70750878b10b952be930.png","format":"png","width":1500,"height":750},"_step":69,"shap/M_DYNAMIC/lmk_27":0.004316188738255167,"feature_importance/M_DYNAMIC":{"width":1500,"height":1050,"_type":"image-file","sha256":"cf1a7360a5f342ab40b9f5a79cddf018d345cbd41a2bbe0a5f6843aec96b7278","size":75725,"path":"media/images/feature_importance/M_DYNAMIC_4_cf1a7360a5f342ab40b9.png","format":"png"},"shap/M_STATIC/loan_purpose_orig_C":0.003821076949248434,"shap/M_STATIC/loan_purpose_orig_N":0.005526864499104546,"shap/M_STATIC/first_time_homebuyer":0.025140287790870505,"shap/M_DYNAMIC/loan_purpose_orig_C":0.03529250365975102,"shap/M_DYNAMIC/lmk_12":0.010783257202295232,"dynamic/SEX/landmark_33/separation":0.026713261122838998,"shap/M_STATIC/loan_amount":0.11859763136421582,"shap/M_DYNAMIC/first_time_homebuyer":0.005910631919443106,"shap/M_DYNAMIC/current_upb_trend":0.016019908472540683,"shap/M_DYNAMIC/current_interest_rate":0.07701368328506823,"shap/M_STATIC/borrower_assistance_status_R":0.009947277441706646,"shap/M_DYNAMIC/lmk_3":0.004827769742796894,"shap/M_DYNAMIC/loan_amount":0.027927417677161552,"m_static/F1_SD":0.005435266208775113,"shap/M_STATIC/loan_term":0.09217239292748457,"dynamic/SEX/landmark_30/separation":0.0400319442372879,"shap/M_DYNAMIC/lmk_30":0.008469113325629529,"shap/M_DYNAMIC/current_upb":0.05326738652649321,"dynamic/SEX/landmark_15/separation":0.05936632264594941,"m_dynamic/Brier_SD":0.0061394716656536195,"shap/M_DYNAMIC/original_ltv":0.02557656692546646,"dynamic/SEX/landmark_36/separation":0.016427362115341345,"shap/M_DYNAMIC/lmk_21":0.0002988570824749397,"shap/M_DYNAMIC/lmk_24":0.001762272946764378,"shap/M_DYNAMIC/lmk_42":0.022832194901601786,"shap/M_DYNAMIC/credit_score":0.48161916329122995,"m_dynamic/SEX/aggregate/separation":0.022515541886681985,"m_static/AUC_Mean":0.7297286032945189,"dynamic/SEX/landmark_45/separation":0.004696940500998633,"shap/M_DYNAMIC/loan_purpose_orig_P":0.0020506714397274923,"dynamic/SEX/landmark_39/separation":0.005334171788735983,"shap/M_DYNAMIC/lmk_39":0.0223672232205651,"shap/M_STATIC/borrower_assistance_status_T":0.028595661416238184,"shap/M_DYNAMIC/occupancy_status_orig_P":0.02176042383470035,"shap/M_DYNAMIC/lmk_15":0.0037328862959647626,"shap/M_STATIC/original_dti":0.0675944711692065,"shap/M_DYNAMIC/lmk_33":0.013071499408877862,"_wandb":{"runtime":3319},"shap/M_DYNAMIC/current_upb_delta":0.03891069502780938,"shap/M_DYNAMIC/bd_pct":0.16850233544196955,"shap/M_DYNAMIC/bd_pct_trend":0.05498029648387675,"shap/M_DYNAMIC/estimated_ltv_trend":0.00027664089792133134,"dynamic/SEX/landmark_6/separation":0.011488953943813843,"shap/M_DYNAMIC/lmk_45":0.026602576711207183,"shap/M_DYNAMIC/borrower_assistance_status_R":0,"shap/M_STATIC/num_borrowers":0.19547878763295276,"shap/M_DYNAMIC/lmk_9":0.01141731409348109,"dynamic/SEX/landmark_48/separation":0.00343346454736678,"m_dynamic/AUC_Mean":0.7258931999704121,"m_static/SEX/aggregate/separation":0.015432517526211567,"shap/M_DYNAMIC/borrower_assistance_status_nan":0.001002403290240004,"shap/M_DYNAMIC/occupancy_status_orig_S":0.0006209080459761159,"shap/M_DYNAMIC/borrower_assistance_status_F":0.00025266299992120987,"shap/M_STATIC/borrower_assistance_status_F":0.11969493371142366,"shap/M_DYNAMIC/borrower_assistance_status_T":0,"shap/M_DYNAMIC/lmk_0":0.02253017634992854,"shap/M_DYNAMIC/lmk_18":0.0017104638855292387,"shap/M_DYNAMIC/num_borrowers":0.1986391664720644,"m_static/AUC_SD":0.004862574580192572,"m_static/Brier_Mean":0.13171767225754893,"m_dynamic/AUC_SD":0.002636556008169423,"m_static/Brier_SD":0.005381436528156383,"shap/M_DYNAMIC/lmk_48":0.027351491517395944,"shap/M_DYNAMIC/lmk_36":0.016826726275001806,"dynamic/SEX/landmark_9/separation":0.03239679117902862,"auc_fairness/separation/M_DYNAMIC":0.026512789267516997,"shap/M_STATIC/original_ltv":0.06578608617073284,"fairness_plot/RACE":{"sha256":"374306fd5ed69e9366b82b59823455f2e9c9cb5becc56396fccbcf7015ab12f8","size":43609,"path":"media/images/fairness_plot/RACE_67_374306fd5ed69e9366b8.png","format":"png","width":1184,"height":733,"_type":"image-file"},"dynamic/SEX/landmark_27/separation":0.003944414200401498,"shap/M_DYNAMIC/loan_term":0.10883577989991478,"m_dynamic/F1_SD":0.0032219299688076653,"m_dynamic/F1_Mean":0.17534096867024695,"shap/M_STATIC/credit_score":0.4021067065393877,"dynamic/SEX/landmark_0/separation":0.042293257800020065,"fairness_plot/SEX":{"format":"png","width":1184,"height":735,"_type":"image-file","sha256":"1cd3220d5a4ba69761f53fbfcfa11f8b154adaca5d455c25e8e073681e772cbb","size":41416,"path":"media/images/fairness_plot/SEX_66_1cd3220d5a4ba69761f5.png"},"shap/M_STATIC/borrower_assistance_status_nan":0,"dynamic/SEX/landmark_21/separation":0.040111826027344685,"_timestamp":1.7802574005318997e+09,"auc_fairness/separation/M_STATIC":0.015432517526211567,"dynamic/SEX/landmark_42/separation":0.00403411103995374,"m_dynamic/Brier_Mean":0.12918714403524384,"shap/M_STATIC/occupancy_status_orig_S":0.0015490977138121398,"fairness_plot/AGE":{"path":"media/images/fairness_plot/AGE_68_ea7713f467f59bb0cc71.png","format":"png","width":1184,"height":740,"_type":"image-file","sha256":"ea7713f467f59bb0cc71d1bb9dde516c12bd158d553070b04a4a6f970f7b9264","size":38465},"shap/M_DYNAMIC/interest_rate":0.05442315553984012,"dynamic/SEX/landmark_24/separation":0.014470019370310332,"shap/M_STATIC/loan_purpose_orig_P":0.023121904855657002,"shap/M_STATIC/occupancy_status_orig_P":0.04535415187267194,"dynamic/SEX/landmark_3/separation":0.029152703888478335,"feature_importance/M_STATIC":{"path":"media/images/feature_importance/M_STATIC_2_1ee6a513d33b8d9ecec4.png","format":"png","width":1500,"height":1050,"_type":"image-file","sha256":"1ee6a513d33b8d9ecec4d3588e3e11f0a910466e5cb21b4d7056a8b5ea425796","size":99232},"shap/M_DYNAMIC/loan_purpose_orig_N":0.0014282374734958115,"shap/M_STATIC/occupancy_status_orig_I":0.051089029999606246,"shap/M_DYNAMIC/original_dti":0.0991890663403314,"shap/M_DYNAMIC/occupancy_status_orig_I":0.02259713924518027,"m_static/F1_Mean":0.2763341298074722,"shap/M_STATIC/interest_rate":0.11100204633831649,"shap/M_DYNAMIC/estimated_ltv":0.028145954443007725,"_runtime":3319,"dynamic/SEX/landmark_18/separation":0.06364781093752916,"shap/M_DYNAMIC/lmk_6":0.0003018545480745909,"dynamic/SEX/landmark_12/separation":0.049524634117403626}